{
    "title": "",
    "subtitle": "",
    "fps": 30,
    "width": 1920,
    "height": 1080,
    "renderData": [],
    "backgroundPath": "scene-0.png",
    "duration": 4002.4040000000005,
    "durationFrames": 120073,
    "totalHours": 1.111778888888889
}